text,category
There is a problem with Item is not included in package,Product
Package was sent to wrong address please fix this,Delivery
Item is not included in package please fix this,Product
Need help with I was debited twice,Billing
Delivery is late,Delivery
My bill amount is mismatched,Billing
Please resolve: Product quality is bad,Product
There is a problem with The product is defective,Product
System issue while logging in,Technical
Why is this happening: Package was sent to wrong address,Delivery
Unable to access dashboard,Technical
I was billed twice,Billing
App crashes during payment,Technical
Payment failed but money deducted,Billing
There is a problem with Payment failed but money deducted,Billing
App crashes during payment,Technical
App crashes during payment,Technical
Facing issue because Payment failed but money deducted,Billing
App crashes during payment,Technical
Call center not answering please fix this,Service
My order has not arrived please fix this,Delivery
I was deducted twice please fix this,Billing
I was billed twice,Billing
The product is broken,Product
App crashes during payment,Technical
Item is lost in package,Product
I am facing an issue: Order tracking not working,Delivery
Product quality is bad,Product
Item is not included in package,Product
Why is this happening: Order tracking not working,Delivery
Payment failed but money deducted,Billing
Package was sent to wrong address,Delivery
App crashes during payment,Technical
Item is lost in package,Product
Order tracking not working,Delivery
Why is this happening: Item is lost in package,Product
There is extra charge on my invoice,Billing
Product quality is bad please fix this,Product
Item is lost in package,Product
Please resolve: Item is not included in package,Product
My order has not arrived please fix this,Delivery
Please resolve: My order has not arrived,Delivery
Refund not processed,Billing
Customer service is unprofessional please fix this,Service
Facing issue because App crashes during payment,Technical
My bill amount is wrong,Billing
I was billed twice,Billing
The product is broken,Product
There is extra charge on my invoice,Billing
Item is lost in package,Product
Item is not included in package,Product
Item is lost in package,Product
Need help with Order tracking not working,Delivery
My bill amount is wrong,Billing
Unable to access dashboard,Technical
App crashes during payment,Technical
Please resolve: Customer service is impolite,Service
Need help with Order tracking not working,Delivery
Support team is not responding,Service
Please resolve: Product quality is bad,Product
Support team is not responding,Service
I am facing an issue: There is extra charge on my invoice,Billing
Payment failed but money deducted,Billing
Need help with Refund not processed,Billing
Package was sent to wrong address,Delivery
Product quality is bad,Product
Please resolve: Support team is not responding,Service
I am facing an issue: Package was sent to wrong address,Delivery
Customer service is unprofessional,Service
Received wrong product,Product
Need help with System issue while logging in,Technical
System issue while logging in,Technical
I am facing an issue: Delivery is slow,Delivery
System issue while logging in please fix this,Technical
Facing issue because Support team is not responding,Service
Facing issue because There is extra charge on my invoice,Billing
Support team is not responding please fix this,Service
Order tracking not working,Delivery
App crashes during payment,Technical
Call center not answering,Service
Need help with System issue while logging in,Technical
Facing issue because Item is lost in package,Product
I was debited twice,Billing
Refund not processed,Billing
Facing issue because Customer service is unprofessional,Service
The product is defective,Product
The product is broken,Product
Received wrong product please fix this,Product
Need help with Item is not included in package,Product
App crashes during payment,Technical
There is extra charge on my invoice,Billing
Why is this happening: Order tracking not working,Delivery
Why is this happening: Order tracking not working,Delivery
Facing issue because Refund not processed,Billing
I am facing an issue: Call center not answering,Service
My order has not arrived please fix this,Delivery
System problem while logging in,Technical
I am facing an issue: Unable to access dashboard,Technical
Unable to access dashboard,Technical
Call center not answering,Service
Need help with Call center not answering,Service
Please resolve: My order has not arrived,Delivery
App crashes during payment please fix this,Technical
Call center not answering,Service
Need help with Customer service is impolite,Service
Please resolve: Call center not answering,Service
I am facing an issue: I was billed twice,Billing
Please resolve: Unable to access dashboard,Technical
The product is defective,Product
Why is this happening: Call center not answering,Service
Support team is not responding,Service
Package was sent to wrong address please fix this,Delivery
Customer service is impolite,Service
I am facing an issue: Delivery is slow,Delivery
My order has not arrived,Delivery
There is a problem with Package was sent to wrong address,Delivery
Unable to access dashboard,Technical
Why is this happening: Order tracking not working,Delivery
Facing issue because System problem while logging in,Technical
Call center not answering,Service
My bill amount is not correct,Billing
Received wrong product please fix this,Product
Unable to access dashboard,Technical
Facing issue because There is extra charge on my invoice,Billing
Facing issue because There is extra charge on my invoice,Billing
Received wrong product,Product
Please resolve: Call center not answering,Service
Item is not included in package,Product
I am facing an issue: Payment failed but money deducted,Billing
Product quality is bad,Product
The product is broken,Product
System problem while logging in please fix this,Technical
Facing issue because Unable to access dashboard,Technical
Need help with The product is broken,Product
Order tracking not working,Delivery
Order tracking not working,Delivery
I am facing an issue: Order tracking not working,Delivery
Support team is not responding,Service
App crashes during payment,Technical
Why is this happening: Item is not included in package,Product
Please resolve: App crashes during payment,Technical
Refund not processed,Billing
There is a problem with Product quality is bad,Product
Please resolve: Package was sent to wrong address,Delivery
Payment failed but money deducted,Billing
System issue while logging in,Technical
Received wrong product,Product
Need help with I was debited twice,Billing
Why is this happening: Customer service is unprofessional,Service
Please resolve: Received wrong product,Product
Delivery is slow,Delivery
Support team is not responding,Service
Received wrong product,Product
Customer service is impolite,Service
My bill amount is mismatched,Billing
I am facing an issue: Package was sent to wrong address,Delivery
Support team is not responding,Service
Why is this happening: Refund not processed,Billing
Facing issue because Package was sent to wrong address,Delivery
Call center not answering,Service
I am facing an issue: Item is not included in package,Product
Facing issue because App crashes during payment,Technical
My order has not arrived,Delivery
Payment failed but money deducted,Billing
Need help with Refund not processed,Billing
I am facing an issue: Support team is not responding,Service
My order has not arrived please fix this,Delivery
Need help with Product quality is bad,Product
Call center not answering,Service
There is extra charge on my invoice,Billing
Product quality is bad,Product
Please resolve: My bill amount is not correct,Billing
There is a problem with Received wrong product,Product
Delivery is slow,Delivery
My order has not arrived,Delivery
My bill amount is not correct,Billing
There is extra charge on my invoice,Billing
My order has not arrived,Delivery
Need help with Package was sent to wrong address,Delivery
Package was sent to wrong address,Delivery
My bill amount is mismatched,Billing
I am facing an issue: App crashes during payment,Technical
There is extra charge on my invoice,Billing
I was billed twice,Billing
Delivery is late,Delivery
Need help with Support team is not responding,Service
Support team is not responding please fix this,Service
Support team is not responding,Service
Need help with Product quality is bad,Product
Please resolve: Refund not processed,Billing
Why is this happening: Item is lost in package,Product
I am facing an issue: Unable to access dashboard,Technical
Why is this happening: Item is not included in package,Product
My bill amount is mismatched,Billing
I am facing an issue: Package was sent to wrong address,Delivery
I am facing an issue: System issue while logging in,Technical
Call center not answering,Service
Product quality is bad,Product
Unable to access dashboard,Technical
I am facing an issue: Received wrong product,Product
Please resolve: Received wrong product,Product
System issue while logging in,Technical
Call center not answering,Service
Delivery is slow please fix this,Delivery
I was debited twice,Billing
Received wrong product,Product
Need help with I was billed twice,Billing
Delivery is late,Delivery
I am facing an issue: Item is not included in package,Product
Please resolve: Refund not processed,Billing
Need help with The product is defective,Product
Delivery is late,Delivery
Order tracking not working,Delivery
Support team is not responding,Service
Please resolve: Refund not processed,Billing
There is a problem with System issue while logging in,Technical
There is extra charge on my invoice,Billing
Why is this happening: Item is lost in package,Product
There is a problem with Unable to access dashboard,Technical
Package was sent to wrong address,Delivery
I am facing an issue: My order has not arrived,Delivery
Why is this happening: Delivery is late,Delivery
The product is defective,Product
I am facing an issue: Call center not answering,Service
Please resolve: Unable to access dashboard,Technical
I am facing an issue: Unable to access dashboard,Technical
There is a problem with Call center not answering,Service
Please resolve: There is extra charge on my invoice,Billing
Why is this happening: Unable to access dashboard,Technical
Why is this happening: Received wrong product,Product
There is extra charge on my invoice,Billing
Unable to access dashboard,Technical
Facing issue because Package was sent to wrong address,Delivery
Need help with Payment failed but money deducted,Billing
App crashes during payment,Technical
Product quality is bad,Product
Need help with System issue while logging in,Technical
Call center not answering,Service
Why is this happening: Delivery is slow,Delivery
Refund not processed please fix this,Billing
Why is this happening: There is extra charge on my invoice,Billing
I am facing an issue: Customer service is impolite,Service
Item is not included in package,Product
Need help with System issue while logging in,Technical
Need help with Refund not processed,Billing
Need help with My order has not arrived,Delivery
There is a problem with The product is defective,Product
App crashes during payment,Technical
I am facing an issue: Order tracking not working,Delivery
There is a problem with Support team is not responding,Service
My order has not arrived,Delivery
Order tracking not working,Delivery
Facing issue because Refund not processed,Billing
I am facing an issue: Order tracking not working,Delivery
Customer service is impolite,Service
Facing issue because Received wrong product,Product
There is extra charge on my invoice,Billing
Need help with Product quality is bad,Product
Delivery is late,Delivery
Order tracking not working,Delivery
Payment failed but money deducted,Billing
Why is this happening: App crashes during payment,Technical
There is extra charge on my invoice please fix this,Billing
Need help with Refund not processed,Billing
The product is broken,Product
Order tracking not working,Delivery
Package was sent to wrong address,Delivery
Delivery is slow,Delivery
Please resolve: Customer service is impolite,Service
Facing issue because Package was sent to wrong address,Delivery
Facing issue because Call center not answering,Service
Please resolve: Support team is not responding,Service
Order tracking not working,Delivery
There is extra charge on my invoice,Billing
Need help with My order has not arrived,Delivery
The product is defective please fix this,Product
Delivery is slow,Delivery
There is extra charge on my invoice,Billing
Facing issue because Order tracking not working,Delivery
Payment failed but money deducted please fix this,Billing
Please resolve: Order tracking not working,Delivery
Product quality is bad,Product
System issue while logging in,Technical
Call center not answering,Service
Delivery is late,Delivery
There is a problem with Unable to access dashboard,Technical
Why is this happening: Unable to access dashboard,Technical
Why is this happening: Refund not processed,Billing
System problem while logging in,Technical
There is a problem with I was billed twice,Billing
Package was sent to wrong address,Delivery
Call center not answering,Service
Facing issue because Payment failed but money deducted,Billing
The product is broken,Product
Why is this happening: Unable to access dashboard,Technical
Delivery is slow,Delivery
Need help with Call center not answering,Service
I am facing an issue: Package was sent to wrong address,Delivery
Why is this happening: Customer service is unprofessional,Service
Item is not included in package,Product
Payment failed but money deducted please fix this,Billing
Facing issue because System problem while logging in,Technical
Payment failed but money deducted,Billing
Please resolve: Payment failed but money deducted,Billing
Why is this happening: Customer service is impolite,Service
Received wrong product,Product
Unable to access dashboard,Technical
Why is this happening: Customer service is impolite,Service
Why is this happening: Refund not processed,Billing
Facing issue because Unable to access dashboard,Technical
Why is this happening: Payment failed but money deducted,Billing
System issue while logging in please fix this,Technical
Please resolve: Order tracking not working,Delivery
Call center not answering,Service
The product is defective,Product
Call center not answering,Service
System issue while logging in,Technical
My order has not arrived,Delivery
There is extra charge on my invoice,Billing
Refund not processed,Billing
I am facing an issue: Item is lost in package,Product
I am facing an issue: My order has not arrived,Delivery
Delivery is slow,Delivery
I am facing an issue: Delivery is late,Delivery
I am facing an issue: Payment failed but money deducted,Billing
System issue while logging in,Technical
Please resolve: Received wrong product,Product
There is a problem with The product is broken,Product
Please resolve: Call center not answering,Service
Product quality is bad please fix this,Product
Please resolve: Payment failed but money deducted,Billing
Call center not answering,Service
I was deducted twice,Billing
Why is this happening: Call center not answering,Service
My bill amount is wrong,Billing
Refund not processed,Billing
The product is broken,Product
Order tracking not working,Delivery
Please resolve: Support team is not responding,Service
I was billed twice,Billing
There is extra charge on my invoice,Billing
Call center not answering,Service
Call center not answering please fix this,Service
Please resolve: Payment failed but money deducted,Billing
I was deducted twice,Billing
Facing issue because Payment failed but money deducted,Billing
Facing issue because Package was sent to wrong address,Delivery
App crashes during payment,Technical
Please resolve: System problem while logging in,Technical
My bill amount is not correct,Billing
I am facing an issue: Refund not processed,Billing
Facing issue because System issue while logging in,Technical
System problem while logging in please fix this,Technical
Why is this happening: Unable to access dashboard,Technical
Refund not processed,Billing
The product is defective,Product
Please resolve: Product quality is bad,Product
Please resolve: App crashes during payment,Technical
Package was sent to wrong address,Delivery
Facing issue because I was billed twice,Billing
Need help with System issue while logging in,Technical
My order has not arrived,Delivery
There is extra charge on my invoice,Billing
Item is not included in package,Product
Product quality is bad,Product
Received wrong product,Product
Received wrong product,Product
I am facing an issue: App crashes during payment,Technical
My order has not arrived please fix this,Delivery
Call center not answering,Service
There is a problem with There is extra charge on my invoice,Billing
There is a problem with Refund not processed,Billing
Product quality is bad,Product
I am facing an issue: Customer service is impolite,Service
Please resolve: Customer service is impolite,Service
The product is broken,Product
Why is this happening: Product quality is bad,Product
Delivery is slow,Delivery
Why is this happening: My order has not arrived,Delivery
Need help with My order has not arrived,Delivery
Facing issue because Payment failed but money deducted,Billing
Refund not processed,Billing
Refund not processed,Billing
I am facing an issue: Customer service is impolite,Service
My bill amount is not correct,Billing
App crashes during payment,Technical
I am facing an issue: Received wrong product,Product
I was debited twice,Billing
Need help with Unable to access dashboard,Technical
Facing issue because Unable to access dashboard,Technical
My bill amount is mismatched,Billing
Facing issue because App crashes during payment,Technical
Order tracking not working,Delivery
Refund not processed,Billing
Product quality is bad,Product
Package was sent to wrong address please fix this,Delivery
Refund not processed,Billing
Why is this happening: Payment failed but money deducted,Billing
My bill amount is wrong,Billing
Support team is not responding,Service
My bill amount is mismatched please fix this,Billing
I was debited twice,Billing
Please resolve: Product quality is bad,Product
I am facing an issue: Product quality is bad,Product
I am facing an issue: Package was sent to wrong address,Delivery
My bill amount is not correct,Billing
Refund not processed,Billing
Refund not processed,Billing
Order tracking not working,Delivery
There is a problem with System issue while logging in,Technical
Please resolve: Unable to access dashboard,Technical
I am facing an issue: Received wrong product,Product
Received wrong product,Product
Payment failed but money deducted,Billing
There is a problem with Refund not processed,Billing
Product quality is bad,Product
Support team is not responding please fix this,Service
Item is not included in package,Product
Why is this happening: Delivery is late,Delivery
Please resolve: Delivery is slow,Delivery
Unable to access dashboard,Technical
Item is not included in package,Product
Received wrong product,Product
Facing issue because My bill amount is not correct,Billing
Facing issue because Payment failed but money deducted,Billing
Need help with Support team is not responding,Service
Delivery is slow,Delivery
Call center not answering,Service
I am facing an issue: The product is broken,Product
There is extra charge on my invoice,Billing
System problem while logging in,Technical
My bill amount is mismatched please fix this,Billing
Facing issue because My bill amount is mismatched,Billing
Received wrong product,Product
Payment failed but money deducted,Billing
Order tracking not working,Delivery
Need help with There is extra charge on my invoice,Billing
Call center not answering,Service
System problem while logging in,Technical
System issue while logging in,Technical
The product is defective,Product
My order has not arrived,Delivery
Facing issue because My order has not arrived,Delivery
Need help with My bill amount is wrong,Billing
My bill amount is wrong,Billing
There is extra charge on my invoice,Billing
Unable to access dashboard,Technical
Need help with Received wrong product,Product
The product is broken,Product
There is extra charge on my invoice,Billing
App crashes during payment please fix this,Technical
Package was sent to wrong address,Delivery
Need help with Payment failed but money deducted,Billing
Facing issue because Received wrong product,Product
My order has not arrived,Delivery
Order tracking not working please fix this,Delivery
There is extra charge on my invoice,Billing
My bill amount is not correct,Billing
App crashes during payment please fix this,Technical
I was debited twice,Billing
Payment failed but money deducted,Billing
Delivery is late,Delivery
Customer service is impolite,Service
I am facing an issue: Delivery is slow,Delivery
Call center not answering please fix this,Service
Facing issue because My order has not arrived,Delivery
Payment failed but money deducted,Billing
There is extra charge on my invoice please fix this,Billing
Item is not included in package,Product
Item is lost in package,Product
Why is this happening: App crashes during payment,Technical
Need help with My bill amount is mismatched,Billing
Payment failed but money deducted,Billing
Need help with Unable to access dashboard,Technical
Unable to access dashboard,Technical
Facing issue because Unable to access dashboard,Technical
Payment failed but money deducted,Billing
Please resolve: There is extra charge on my invoice,Billing
I am facing an issue: Item is not included in package,Product
Item is lost in package,Product
Why is this happening: Package was sent to wrong address,Delivery
Item is lost in package,Product
System problem while logging in,Technical
System problem while logging in,Technical
App crashes during payment,Technical
Received wrong product,Product
Why is this happening: Order tracking not working,Delivery
Unable to access dashboard,Technical
Please resolve: My order has not arrived,Delivery
There is extra charge on my invoice,Billing
Support team is not responding,Service
Facing issue because Received wrong product,Product
Please resolve: Payment failed but money deducted,Billing
Why is this happening: Support team is not responding,Service
Why is this happening: Package was sent to wrong address,Delivery
Refund not processed,Billing
I am facing an issue: I was debited twice,Billing
App crashes during payment,Technical
Need help with Received wrong product,Product
Call center not answering,Service
The product is broken,Product
Call center not answering,Service
There is extra charge on my invoice,Billing
Support team is not responding,Service
Facing issue because I was billed twice,Billing
The product is defective,Product
I am facing an issue: Delivery is slow,Delivery
Please resolve: Refund not processed,Billing
Product quality is bad,Product
My order has not arrived,Delivery
My bill amount is wrong,Billing
Facing issue because Package was sent to wrong address,Delivery
Delivery is late,Delivery
Payment failed but money deducted please fix this,Billing
I am facing an issue: The product is broken,Product
Need help with App crashes during payment,Technical
There is a problem with Call center not answering,Service
Customer service is unprofessional,Service
Payment failed but money deducted,Billing
Order tracking not working,Delivery
Unable to access dashboard,Technical
Order tracking not working,Delivery
Why is this happening: I was debited twice,Billing
System problem while logging in,Technical
Customer service is impolite,Service
I am facing an issue: Product quality is bad,Product
I was billed twice,Billing
Item is lost in package,Product
Received wrong product,Product
Why is this happening: My bill amount is wrong,Billing
Need help with There is extra charge on my invoice,Billing
App crashes during payment,Technical
My order has not arrived,Delivery
My bill amount is mismatched,Billing
Order tracking not working,Delivery
Refund not processed please fix this,Billing
System problem while logging in,Technical
Customer service is unprofessional,Service
Please resolve: Support team is not responding,Service
Customer service is impolite please fix this,Service
Product quality is bad,Product
Please resolve: Customer service is unprofessional,Service
Package was sent to wrong address,Delivery
Received wrong product,Product
Item is lost in package,Product
Received wrong product please fix this,Product
There is a problem with Order tracking not working,Delivery
There is a problem with Product quality is bad,Product
Facing issue because App crashes during payment,Technical
Facing issue because My order has not arrived,Delivery
There is a problem with The product is defective,Product
I was debited twice,Billing
Please resolve: Item is lost in package,Product
Package was sent to wrong address,Delivery
Facing issue because App crashes during payment,Technical
Call center not answering,Service
Why is this happening: Call center not answering,Service
There is a problem with My bill amount is wrong,Billing
Facing issue because My order has not arrived,Delivery
Received wrong product,Product
Need help with Refund not processed,Billing
There is a problem with The product is broken,Product
My bill amount is mismatched,Billing
Need help with Call center not answering,Service
Support team is not responding,Service
Refund not processed,Billing
There is a problem with Product quality is bad,Product
Payment failed but money deducted,Billing
There is extra charge on my invoice,Billing
There is a problem with System problem while logging in,Technical
Refund not processed please fix this,Billing
I am facing an issue: Item is lost in package,Product
Order tracking not working,Delivery
Product quality is bad,Product
Need help with My order has not arrived,Delivery
Please resolve: Call center not answering,Service
Need help with Package was sent to wrong address,Delivery
There is extra charge on my invoice,Billing
I am facing an issue: System issue while logging in,Technical
Facing issue because Item is not included in package,Product
There is a problem with Received wrong product,Product
Delivery is late,Delivery
Need help with I was billed twice,Billing
Customer service is unprofessional,Service
There is extra charge on my invoice,Billing
Unable to access dashboard please fix this,Technical
Customer service is unprofessional,Service
There is extra charge on my invoice please fix this,Billing
App crashes during payment,Technical
There is a problem with Customer service is impolite,Service
Please resolve: Refund not processed,Billing
The product is broken,Product
Package was sent to wrong address please fix this,Delivery
Customer service is unprofessional,Service
There is a problem with Customer service is unprofessional,Service
Package was sent to wrong address,Delivery
App crashes during payment,Technical
My bill amount is wrong,Billing
Need help with Order tracking not working,Delivery
My bill amount is wrong,Billing
Item is not included in package,Product
There is extra charge on my invoice,Billing
Why is this happening: Delivery is slow,Delivery
Customer service is unprofessional,Service
Please resolve: Call center not answering,Service
Please resolve: Delivery is slow,Delivery
There is a problem with Delivery is late,Delivery
The product is broken,Product
Please resolve: There is extra charge on my invoice,Billing
Call center not answering,Service
Please resolve: Unable to access dashboard,Technical
Received wrong product,Product
Package was sent to wrong address,Delivery
Payment failed but money deducted please fix this,Billing
My bill amount is wrong,Billing
Customer service is unprofessional,Service
Support team is not responding,Service
There is a problem with Item is lost in package,Product
There is extra charge on my invoice,Billing
There is a problem with Unable to access dashboard,Technical
I was billed twice,Billing
Why is this happening: There is extra charge on my invoice,Billing
My order has not arrived,Delivery
Need help with My order has not arrived,Delivery
Order tracking not working,Delivery
System problem while logging in please fix this,Technical
Customer service is impolite please fix this,Service
I am facing an issue: Delivery is slow,Delivery
My bill amount is not correct,Billing
Call center not answering,Service
My order has not arrived,Delivery
I was deducted twice,Billing
Support team is not responding,Service
There is a problem with Product quality is bad,Product
Why is this happening: Order tracking not working,Delivery
I am facing an issue: Support team is not responding,Service
I am facing an issue: Call center not answering,Service
I was debited twice,Billing
Need help with Received wrong product,Product
I am facing an issue: The product is defective,Product
I am facing an issue: I was billed twice,Billing
Please resolve: Delivery is slow,Delivery
Delivery is slow,Delivery
Call center not answering please fix this,Service
Call center not answering,Service
My order has not arrived,Delivery
The product is defective please fix this,Product
Order tracking not working,Delivery
Payment failed but money deducted,Billing
The product is defective,Product
Package was sent to wrong address,Delivery
Payment failed but money deducted,Billing
The product is defective,Product
My order has not arrived,Delivery
Please resolve: Product quality is bad,Product
Refund not processed,Billing
Need help with My order has not arrived,Delivery
Why is this happening: System problem while logging in,Technical
Please resolve: Customer service is unprofessional,Service
My bill amount is mismatched please fix this,Billing
Unable to access dashboard,Technical
Delivery is late please fix this,Delivery
Please resolve: Product quality is bad,Product
Order tracking not working,Delivery
Facing issue because Received wrong product,Product
Why is this happening: Item is not included in package,Product
Need help with Received wrong product,Product
Package was sent to wrong address,Delivery
Payment failed but money deducted,Billing
My order has not arrived,Delivery
Need help with The product is broken,Product
Facing issue because System problem while logging in,Technical
Unable to access dashboard,Technical
Order tracking not working,Delivery
System issue while logging in,Technical
I am facing an issue: Call center not answering,Service
Package was sent to wrong address,Delivery
I was deducted twice,Billing
Customer service is impolite,Service
App crashes during payment,Technical
App crashes during payment,Technical
Order tracking not working,Delivery
My bill amount is mismatched,Billing
There is a problem with Payment failed but money deducted,Billing
Support team is not responding,Service
Item is lost in package,Product
Why is this happening: Received wrong product,Product
Order tracking not working,Delivery
Customer service is impolite,Service
Product quality is bad please fix this,Product
There is a problem with Refund not processed,Billing
There is extra charge on my invoice please fix this,Billing
Need help with Package was sent to wrong address,Delivery
Customer service is impolite,Service
Package was sent to wrong address,Delivery
My order has not arrived,Delivery
Payment failed but money deducted,Billing
Need help with Support team is not responding,Service
Facing issue because App crashes during payment,Technical
Product quality is bad,Product
Order tracking not working,Delivery
Need help with Support team is not responding,Service
I am facing an issue: App crashes during payment,Technical
Unable to access dashboard,Technical
I am facing an issue: My bill amount is mismatched,Billing
The product is defective,Product
Customer service is unprofessional please fix this,Service
Product quality is bad please fix this,Product
System issue while logging in,Technical
Customer service is impolite,Service
Order tracking not working,Delivery
Need help with Payment failed but money deducted,Billing
Need help with Call center not answering,Service
Customer service is unprofessional,Service
My bill amount is wrong,Billing
There is a problem with Support team is not responding,Service
Facing issue because I was billed twice,Billing
Please resolve: Call center not answering,Service
System issue while logging in please fix this,Technical
Please resolve: The product is broken,Product
Customer service is unprofessional,Service
Payment failed but money deducted,Billing
Item is lost in package,Product
There is a problem with Customer service is impolite,Service
Need help with My bill amount is not correct,Billing
Facing issue because My bill amount is wrong,Billing
Why is this happening: I was deducted twice,Billing
Need help with App crashes during payment,Technical
App crashes during payment,Technical
Customer service is unprofessional,Service
Refund not processed,Billing
Payment failed but money deducted,Billing
Support team is not responding please fix this,Service
Why is this happening: Refund not processed,Billing
Why is this happening: Call center not answering,Service
Facing issue because App crashes during payment,Technical
Product quality is bad,Product
There is a problem with Call center not answering,Service
Facing issue because I was debited twice,Billing
System issue while logging in,Technical
Package was sent to wrong address,Delivery
Why is this happening: Refund not processed,Billing
There is extra charge on my invoice,Billing
Order tracking not working,Delivery
Item is not included in package,Product
There is a problem with Support team is not responding,Service
App crashes during payment please fix this,Technical
Please resolve: Support team is not responding,Service
App crashes during payment,Technical
Payment failed but money deducted please fix this,Billing
My bill amount is mismatched,Billing
Facing issue because There is extra charge on my invoice,Billing
Item is lost in package,Product
My order has not arrived,Delivery
Please resolve: The product is defective,Product
Facing issue because Order tracking not working,Delivery
Please resolve: Item is not included in package,Product
Please resolve: My order has not arrived,Delivery
Why is this happening: Order tracking not working,Delivery
Facing issue because Payment failed but money deducted,Billing
Customer service is unprofessional please fix this,Service
My order has not arrived,Delivery
Refund not processed,Billing
My bill amount is wrong,Billing
Product quality is bad,Product
Call center not answering,Service
Need help with Product quality is bad,Product
Customer service is unprofessional,Service
Received wrong product,Product
App crashes during payment,Technical
Need help with I was debited twice,Billing
Why is this happening: My bill amount is mismatched,Billing
System problem while logging in,Technical
Why is this happening: The product is broken,Product
Refund not processed,Billing
Call center not answering,Service
My bill amount is not correct,Billing
Please resolve: Package was sent to wrong address,Delivery
There is a problem with I was deducted twice,Billing
There is a problem with Unable to access dashboard,Technical
Facing issue because Item is not included in package,Product
Delivery is slow please fix this,Delivery
I am facing an issue: Refund not processed,Billing
Product quality is bad,Product
Call center not answering,Service
I was deducted twice,Billing
Item is not included in package,Product
Order tracking not working,Delivery
Delivery is late,Delivery
System issue while logging in,Technical
I was deducted twice,Billing
Refund not processed,Billing
Call center not answering,Service
I am facing an issue: My order has not arrived,Delivery
Unable to access dashboard,Technical
Delivery is late,Delivery
Facing issue because Unable to access dashboard,Technical
Why is this happening: Product quality is bad,Product
Package was sent to wrong address,Delivery
My order has not arrived,Delivery
I was debited twice,Billing
There is a problem with Call center not answering,Service
Received wrong product,Product
There is extra charge on my invoice please fix this,Billing
Need help with System problem while logging in,Technical
Please resolve: System problem while logging in,Technical
Unable to access dashboard,Technical
There is a problem with Refund not processed,Billing
There is a problem with There is extra charge on my invoice,Billing
I am facing an issue: System issue while logging in,Technical
There is a problem with My order has not arrived,Delivery
Customer service is impolite,Service
The product is defective please fix this,Product
There is a problem with There is extra charge on my invoice,Billing
I was deducted twice,Billing
There is extra charge on my invoice,Billing
Item is not included in package please fix this,Product
I am facing an issue: Unable to access dashboard,Technical
My bill amount is wrong,Billing
My bill amount is mismatched,Billing
Support team is not responding,Service
Delivery is late,Delivery
Received wrong product,Product
Unable to access dashboard,Technical
The product is defective,Product
Why is this happening: Refund not processed,Billing
Order tracking not working,Delivery
Payment failed but money deducted please fix this,Billing
Please resolve: Delivery is late,Delivery
Why is this happening: I was billed twice,Billing
Order tracking not working,Delivery
Facing issue because Unable to access dashboard,Technical
Support team is not responding,Service
Facing issue because Customer service is impolite,Service
Facing issue because I was billed twice,Billing
Why is this happening: Product quality is bad,Product
Package was sent to wrong address,Delivery
Unable to access dashboard,Technical
There is a problem with Payment failed but money deducted,Billing
Why is this happening: The product is broken,Product
System problem while logging in,Technical
There is a problem with App crashes during payment,Technical
I am facing an issue: Delivery is late,Delivery
Facing issue because Support team is not responding,Service
The product is defective,Product
Payment failed but money deducted,Billing
Why is this happening: Refund not processed,Billing
Unable to access dashboard please fix this,Technical
Why is this happening: Call center not answering,Service
Call center not answering,Service
Order tracking not working,Delivery
The product is defective,Product
Package was sent to wrong address,Delivery
There is a problem with I was deducted twice,Billing
There is a problem with Item is lost in package,Product
Please resolve: My bill amount is mismatched,Billing
My bill amount is not correct,Billing
Support team is not responding,Service
Refund not processed please fix this,Billing
There is extra charge on my invoice,Billing
Why is this happening: Product quality is bad,Product
Please resolve: My order has not arrived,Delivery
Delivery is late please fix this,Delivery
Delivery is late,Delivery
Why is this happening: Refund not processed,Billing
Package was sent to wrong address,Delivery
Customer service is impolite,Service
My order has not arrived,Delivery
Package was sent to wrong address,Delivery
Unable to access dashboard please fix this,Technical
Support team is not responding please fix this,Service
Package was sent to wrong address,Delivery
Delivery is late,Delivery
There is a problem with Received wrong product,Product
Customer service is impolite,Service
Item is lost in package,Product
I was billed twice,Billing
Product quality is bad,Product
Support team is not responding,Service
Payment failed but money deducted,Billing
There is a problem with Product quality is bad,Product
App crashes during payment,Technical
Refund not processed,Billing
Product quality is bad,Product
App crashes during payment,Technical
Facing issue because Payment failed but money deducted,Billing
There is a problem with Item is not included in package,Product
Refund not processed,Billing
Need help with My bill amount is wrong,Billing
There is a problem with Received wrong product,Product
Unable to access dashboard,Technical
Call center not answering,Service
Need help with The product is defective,Product
My order has not arrived,Delivery
Item is not included in package,Product
Order tracking not working,Delivery
Package was sent to wrong address,Delivery
My order has not arrived,Delivery
Customer service is unprofessional,Service
Customer service is unprofessional,Service
Need help with Delivery is late,Delivery
My order has not arrived please fix this,Delivery
Item is not included in package,Product
Facing issue because Received wrong product,Product
Order tracking not working,Delivery
My order has not arrived please fix this,Delivery
There is a problem with My order has not arrived,Delivery
There is a problem with Delivery is slow,Delivery
Order tracking not working,Delivery
Facing issue because Refund not processed,Billing
I am facing an issue: There is extra charge on my invoice,Billing
Received wrong product,Product
Refund not processed,Billing
Need help with There is extra charge on my invoice,Billing
Payment failed but money deducted please fix this,Billing
Unable to access dashboard,Technical
There is extra charge on my invoice,Billing
Product quality is bad,Product
I am facing an issue: My bill amount is mismatched,Billing
I was billed twice,Billing
Package was sent to wrong address,Delivery
Customer service is impolite,Service
Received wrong product,Product
I am facing an issue: I was debited twice,Billing
Need help with Payment failed but money deducted,Billing
Delivery is slow please fix this,Delivery
My bill amount is mismatched,Billing
Customer service is unprofessional please fix this,Service
Please resolve: My order has not arrived,Delivery
I am facing an issue: Unable to access dashboard,Technical
My bill amount is mismatched,Billing
Please resolve: Item is not included in package,Product
Please resolve: Product quality is bad,Product
Unable to access dashboard please fix this,Technical
Support team is not responding,Service
Product quality is bad,Product
Refund not processed,Billing
Delivery is slow,Delivery
Call center not answering,Service
Support team is not responding,Service
System issue while logging in,Technical
Received wrong product,Product
App crashes during payment,Technical
Item is not included in package,Product
Please resolve: Refund not processed,Billing
Payment failed but money deducted,Billing
Facing issue because My bill amount is wrong,Billing
Please resolve: Package was sent to wrong address,Delivery
Unable to access dashboard,Technical
Item is not included in package please fix this,Product
There is a problem with Delivery is slow,Delivery
Need help with Unable to access dashboard,Technical
My bill amount is not correct,Billing
Need help with Unable to access dashboard,Technical
Received wrong product,Product
Received wrong product,Product
Facing issue because Delivery is slow,Delivery
There is a problem with Payment failed but money deducted,Billing
I am facing an issue: Call center not answering,Service
Received wrong product,Product
There is a problem with My bill amount is not correct,Billing
I am facing an issue: Support team is not responding,Service
Package was sent to wrong address,Delivery
Facing issue because There is extra charge on my invoice,Billing
Need help with Delivery is slow,Delivery
Please resolve: Package was sent to wrong address,Delivery
Why is this happening: App crashes during payment,Technical
Need help with Item is not included in package,Product
Why is this happening: My order has not arrived,Delivery
Please resolve: Delivery is late,Delivery
Package was sent to wrong address,Delivery
I am facing an issue: I was debited twice,Billing
Need help with My order has not arrived,Delivery
Product quality is bad,Product
Please resolve: There is extra charge on my invoice,Billing
Support team is not responding,Service
Facing issue because Delivery is late,Delivery
Please resolve: App crashes during payment,Technical
Why is this happening: My order has not arrived,Delivery
Unable to access dashboard,Technical
Received wrong product,Product
Payment failed but money deducted,Billing
Refund not processed,Billing
Need help with Support team is not responding,Service
I am facing an issue: My order has not arrived,Delivery
Customer service is unprofessional,Service
I was billed twice,Billing
My bill amount is not correct,Billing
Facing issue because Refund not processed,Billing
Need help with The product is broken,Product
Why is this happening: Order tracking not working,Delivery
Support team is not responding,Service
Why is this happening: Refund not processed,Billing
Please resolve: Customer service is impolite,Service
System issue while logging in please fix this,Technical
There is extra charge on my invoice,Billing
Please resolve: Refund not processed,Billing
Please resolve: Support team is not responding,Service
Support team is not responding,Service
There is a problem with Item is lost in package,Product
Why is this happening: Order tracking not working,Delivery
I am facing an issue: Delivery is slow,Delivery
Please resolve: Delivery is slow,Delivery
Payment failed but money deducted,Billing
Refund not processed,Billing
There is a problem with Unable to access dashboard,Technical
I am facing an issue: There is extra charge on my invoice,Billing
Why is this happening: Unable to access dashboard,Technical
Received wrong product,Product
Please resolve: Package was sent to wrong address,Delivery
Customer service is unprofessional,Service
Please resolve: Item is lost in package,Product
There is a problem with Customer service is unprofessional,Service
Unable to access dashboard please fix this,Technical
The product is broken,Product
Customer service is unprofessional please fix this,Service
My order has not arrived,Delivery
Delivery is slow,Delivery
Product quality is bad,Product
Need help with Support team is not responding,Service
Refund not processed,Billing
App crashes during payment,Technical
Facing issue because Delivery is slow,Delivery
Why is this happening: Order tracking not working,Delivery
I am facing an issue: Delivery is late,Delivery
Payment failed but money deducted please fix this,Billing
Product quality is bad,Product
The product is broken,Product
There is a problem with My bill amount is mismatched,Billing
Facing issue because Refund not processed,Billing
There is a problem with Received wrong product,Product
Need help with System problem while logging in,Technical
I am facing an issue: Order tracking not working,Delivery
Received wrong product,Product
Facing issue because Product quality is bad,Product
Facing issue because Customer service is unprofessional,Service
My bill amount is mismatched,Billing
Delivery is slow please fix this,Delivery
There is a problem with Order tracking not working,Delivery
Please resolve: Call center not answering,Service
Refund not processed,Billing
Why is this happening: Call center not answering,Service
My bill amount is not correct,Billing
Package was sent to wrong address,Delivery
Unable to access dashboard,Technical
Why is this happening: Order tracking not working,Delivery
Refund not processed,Billing
Order tracking not working,Delivery
There is a problem with Received wrong product,Product
My order has not arrived,Delivery
Please resolve: My order has not arrived,Delivery
I am facing an issue: Support team is not responding,Service
Need help with Package was sent to wrong address,Delivery
I was debited twice please fix this,Billing
Why is this happening: My bill amount is not correct,Billing
Unable to access dashboard,Technical
Received wrong product,Product
Received wrong product,Product
Received wrong product,Product
Item is lost in package,Product
Payment failed but money deducted,Billing
Support team is not responding,Service
System problem while logging in,Technical
Received wrong product,Product
Facing issue because Refund not processed,Billing
Why is this happening: Support team is not responding,Service
Product quality is bad,Product
Unable to access dashboard,Technical
I was billed twice,Billing
Package was sent to wrong address,Delivery
Need help with My bill amount is not correct,Billing
Facing issue because Payment failed but money deducted,Billing
Customer service is unprofessional,Service
My bill amount is not correct,Billing
Please resolve: Package was sent to wrong address,Delivery
Facing issue because Package was sent to wrong address,Delivery
There is a problem with There is extra charge on my invoice,Billing
Call center not answering,Service
Facing issue because Item is not included in package,Product
Facing issue because Received wrong product,Product
There is a problem with App crashes during payment,Technical
Order tracking not working,Delivery
Package was sent to wrong address,Delivery
Product quality is bad,Product
Need help with Call center not answering,Service
Customer service is unprofessional please fix this,Service
System issue while logging in,Technical
Facing issue because My bill amount is mismatched,Billing
Unable to access dashboard,Technical
My order has not arrived,Delivery
App crashes during payment please fix this,Technical
My bill amount is mismatched,Billing
Please resolve: Customer service is impolite,Service
I am facing an issue: The product is broken,Product
Please resolve: My order has not arrived,Delivery
Please resolve: Received wrong product,Product
Package was sent to wrong address,Delivery
Customer service is impolite,Service
Please resolve: Support team is not responding,Service
There is extra charge on my invoice,Billing
My order has not arrived,Delivery
There is a problem with App crashes during payment,Technical
Why is this happening: Delivery is slow,Delivery
Please resolve: Call center not answering,Service
Payment failed but money deducted,Billing
Need help with Order tracking not working,Delivery
Delivery is slow,Delivery
Unable to access dashboard,Technical
Order tracking not working,Delivery
Refund not processed,Billing
Why is this happening: My bill amount is not correct,Billing
There is extra charge on my invoice,Billing
Delivery is late please fix this,Delivery
Facing issue because My order has not arrived,Delivery
Facing issue because Refund not processed,Billing
I am facing an issue: Payment failed but money deducted,Billing
Delivery is slow,Delivery
Need help with The product is broken,Product
The product is defective,Product
System problem while logging in please fix this,Technical
There is a problem with My bill amount is wrong,Billing
Need help with Call center not answering,Service
Payment failed but money deducted,Billing
Please resolve: I was deducted twice,Billing
I am facing an issue: Payment failed but money deducted,Billing
Need help with Product quality is bad,Product
Need help with Refund not processed,Billing
I am facing an issue: App crashes during payment,Technical
The product is broken,Product
Payment failed but money deducted,Billing
Item is lost in package,Product
I was debited twice,Billing
There is a problem with Item is lost in package,Product
Customer service is unprofessional,Service
I am facing an issue: System issue while logging in,Technical
I was deducted twice,Billing
There is a problem with Payment failed but money deducted,Billing
Order tracking not working,Delivery
Facing issue because Product quality is bad,Product
Refund not processed,Billing
Item is not included in package,Product
Why is this happening: There is extra charge on my invoice,Billing
I am facing an issue: Received wrong product,Product
There is a problem with App crashes during payment,Technical
There is extra charge on my invoice,Billing
There is a problem with System problem while logging in,Technical
System issue while logging in,Technical
I am facing an issue: App crashes during payment,Technical
Need help with Refund not processed,Billing
Delivery is late,Delivery
Unable to access dashboard,Technical
Unable to access dashboard,Technical
I am facing an issue: There is extra charge on my invoice,Billing
Please resolve: I was deducted twice,Billing
Need help with Item is not included in package,Product
Support team is not responding,Service
Package was sent to wrong address,Delivery
Item is lost in package,Product
There is extra charge on my invoice please fix this,Billing
There is a problem with Product quality is bad,Product
Please resolve: Item is lost in package,Product
Facing issue because Payment failed but money deducted,Billing
I am facing an issue: Item is lost in package,Product
Support team is not responding,Service
Unable to access dashboard,Technical
Payment failed but money deducted,Billing
Order tracking not working please fix this,Delivery
I am facing an issue: System issue while logging in,Technical
There is a problem with Item is lost in package,Product
There is extra charge on my invoice,Billing
Refund not processed,Billing
Facing issue because Delivery is late,Delivery
Please resolve: Refund not processed,Billing
Need help with Unable to access dashboard,Technical
There is extra charge on my invoice,Billing
I was deducted twice,Billing
Facing issue because Product quality is bad,Product
Please resolve: Received wrong product,Product
Please resolve: My order has not arrived,Delivery
Payment failed but money deducted,Billing
Customer service is impolite,Service
Delivery is late please fix this,Delivery
Facing issue because The product is broken,Product
Facing issue because Unable to access dashboard,Technical
I am facing an issue: Payment failed but money deducted,Billing
Support team is not responding,Service
Why is this happening: Customer service is unprofessional,Service
System problem while logging in,Technical
Delivery is late,Delivery
Why is this happening: Received wrong product,Product
My order has not arrived,Delivery
Support team is not responding,Service
Why is this happening: Customer service is impolite,Service
There is a problem with Payment failed but money deducted,Billing
Need help with I was debited twice,Billing
Delivery is late,Delivery
Why is this happening: My order has not arrived,Delivery
App crashes during payment,Technical
Need help with Delivery is late,Delivery
I am facing an issue: I was billed twice,Billing
Need help with Customer service is unprofessional,Service
Need help with The product is defective,Product
Facing issue because There is extra charge on my invoice,Billing
Support team is not responding,Service
There is extra charge on my invoice,Billing
Support team is not responding,Service
There is a problem with Delivery is slow,Delivery
Delivery is slow,Delivery
I was deducted twice,Billing
Support team is not responding,Service
Delivery is late,Delivery
Facing issue because I was billed twice,Billing
Delivery is late please fix this,Delivery
The product is defective,Product
There is extra charge on my invoice please fix this,Billing
Please resolve: Product quality is bad,Product
Facing issue because I was debited twice,Billing
Facing issue because Delivery is late,Delivery
Unable to access dashboard please fix this,Technical
Package was sent to wrong address,Delivery
App crashes during payment,Technical
Need help with Package was sent to wrong address,Delivery
The product is defective,Product
Why is this happening: Payment failed but money deducted,Billing
There is a problem with App crashes during payment,Technical
Facing issue because Support team is not responding,Service
There is a problem with Order tracking not working,Delivery
Package was sent to wrong address,Delivery
Please resolve: The product is defective,Product
Facing issue because Refund not processed,Billing
There is a problem with Call center not answering,Service
Support team is not responding,Service
Order tracking not working please fix this,Delivery
My bill amount is wrong please fix this,Billing
There is a problem with Package was sent to wrong address,Delivery
Customer service is unprofessional,Service
Call center not answering,Service
Refund not processed,Billing
Unable to access dashboard,Technical
There is a problem with Payment failed but money deducted,Billing
There is a problem with Item is lost in package,Product
Item is not included in package please fix this,Product
Please resolve: Payment failed but money deducted,Billing
Facing issue because I was debited twice,Billing
Support team is not responding,Service
Delivery is late,Delivery
Customer service is impolite,Service
Customer service is unprofessional,Service
There is a problem with Package was sent to wrong address,Delivery
Product quality is bad,Product
Support team is not responding,Service
Need help with Support team is not responding,Service
Call center not answering,Service
Received wrong product,Product
Why is this happening: Product quality is bad,Product
Call center not answering,Service
Why is this happening: Call center not answering,Service
There is extra charge on my invoice,Billing
There is a problem with My bill amount is not correct,Billing
Facing issue because The product is broken,Product
Facing issue because Delivery is late,Delivery
Support team is not responding,Service
I am facing an issue: The product is broken,Product
Please resolve: Delivery is late,Delivery
System issue while logging in,Technical
I was deducted twice,Billing
Received wrong product,Product
I am facing an issue: Item is lost in package,Product
There is a problem with Call center not answering,Service
Product quality is bad,Product
Facing issue because There is extra charge on my invoice,Billing
Customer service is unprofessional,Service
Facing issue because Delivery is late,Delivery
Refund not processed,Billing
Unable to access dashboard please fix this,Technical
My bill amount is not correct please fix this,Billing
Facing issue because Refund not processed,Billing
Need help with Order tracking not working,Delivery
Facing issue because I was deducted twice,Billing
App crashes during payment,Technical
System problem while logging in,Technical
Item is lost in package,Product
There is a problem with There is extra charge on my invoice,Billing
Item is lost in package,Product
I am facing an issue: My bill amount is wrong,Billing
Delivery is slow,Delivery
I was deducted twice,Billing
Call center not answering,Service
Call center not answering,Service
The product is broken,Product
Support team is not responding please fix this,Service
My bill amount is not correct,Billing
Facing issue because System problem while logging in,Technical
Refund not processed,Billing
Need help with Refund not processed,Billing
There is a problem with There is extra charge on my invoice,Billing
Package was sent to wrong address,Delivery
Delivery is slow,Delivery
Need help with App crashes during payment,Technical
There is a problem with I was billed twice,Billing
Package was sent to wrong address,Delivery
Facing issue because Payment failed but money deducted,Billing
Need help with Support team is not responding,Service
Unable to access dashboard,Technical
There is extra charge on my invoice,Billing
Please resolve: I was debited twice,Billing
Facing issue because Support team is not responding,Service
Payment failed but money deducted,Billing
There is extra charge on my invoice,Billing
Received wrong product,Product
Order tracking not working,Delivery
Please resolve: Customer service is impolite,Service
There is a problem with Item is not included in package,Product
There is a problem with My bill amount is wrong,Billing
Delivery is slow,Delivery
Package was sent to wrong address,Delivery
Please resolve: Product quality is bad,Product
My order has not arrived,Delivery
Facing issue because System problem while logging in,Technical
Order tracking not working,Delivery
My order has not arrived,Delivery
Need help with Support team is not responding,Service
Need help with Product quality is bad,Product
Order tracking not working,Delivery
There is a problem with App crashes during payment,Technical
Refund not processed please fix this,Billing
My order has not arrived,Delivery
Order tracking not working,Delivery
Item is not included in package,Product
There is a problem with Call center not answering,Service
Please resolve: Customer service is unprofessional,Service
I am facing an issue: My bill amount is not correct,Billing
Why is this happening: App crashes during payment,Technical
Need help with My order has not arrived,Delivery
Customer service is unprofessional,Service
Please resolve: App crashes during payment,Technical
Please resolve: Package was sent to wrong address,Delivery
I am facing an issue: Unable to access dashboard,Technical
Facing issue because Received wrong product,Product
Package was sent to wrong address,Delivery
Why is this happening: Item is not included in package,Product
I am facing an issue: Customer service is unprofessional,Service
The product is defective please fix this,Product
Need help with My order has not arrived,Delivery
Refund not processed,Billing
Need help with My bill amount is not correct,Billing
Received wrong product,Product
Why is this happening: Package was sent to wrong address,Delivery
Why is this happening: Customer service is impolite,Service
I am facing an issue: Received wrong product,Product
Order tracking not working,Delivery
The product is defective,Product
There is a problem with There is extra charge on my invoice,Billing
Package was sent to wrong address,Delivery
Item is not included in package,Product
App crashes during payment,Technical
Why is this happening: Delivery is late,Delivery
System problem while logging in,Technical
Need help with I was billed twice,Billing
The product is defective,Product
Customer service is impolite,Service
Support team is not responding,Service
Payment failed but money deducted,Billing
Why is this happening: Package was sent to wrong address,Delivery
Package was sent to wrong address please fix this,Delivery
Unable to access dashboard please fix this,Technical
Why is this happening: My order has not arrived,Delivery
I am facing an issue: Payment failed but money deducted,Billing
My bill amount is mismatched,Billing
My order has not arrived,Delivery
Customer service is unprofessional,Service
Payment failed but money deducted,Billing
Please resolve: Package was sent to wrong address,Delivery
I was billed twice,Billing
Item is lost in package,Product
Customer service is impolite,Service
Product quality is bad,Product
Refund not processed please fix this,Billing
My order has not arrived,Delivery
I am facing an issue: Call center not answering,Service
Package was sent to wrong address,Delivery
There is a problem with App crashes during payment,Technical
There is a problem with System issue while logging in,Technical
There is a problem with Order tracking not working,Delivery
Received wrong product,Product
Package was sent to wrong address,Delivery
My bill amount is not correct,Billing
App crashes during payment,Technical
Unable to access dashboard,Technical
Package was sent to wrong address please fix this,Delivery
Unable to access dashboard,Technical
My bill amount is mismatched please fix this,Billing
Need help with Order tracking not working,Delivery
Need help with Customer service is unprofessional,Service
There is a problem with My order has not arrived,Delivery
There is a problem with There is extra charge on my invoice,Billing
App crashes during payment please fix this,Technical
Facing issue because Delivery is late,Delivery
Facing issue because Support team is not responding,Service
System problem while logging in,Technical
Please resolve: Payment failed but money deducted,Billing
Delivery is late,Delivery
There is a problem with The product is broken,Product
There is a problem with Customer service is impolite,Service
There is a problem with Product quality is bad,Product
Item is not included in package,Product
My bill amount is not correct,Billing
Why is this happening: Received wrong product,Product
My bill amount is wrong,Billing
Please resolve: Payment failed but money deducted,Billing
Package was sent to wrong address,Delivery
My order has not arrived,Delivery
Refund not processed,Billing
Customer service is impolite,Service
There is a problem with Delivery is late,Delivery
I am facing an issue: Order tracking not working,Delivery
There is extra charge on my invoice,Billing
Facing issue because My bill amount is not correct,Billing
There is a problem with App crashes during payment,Technical
There is a problem with Order tracking not working,Delivery
App crashes during payment,Technical
System problem while logging in,Technical
Package was sent to wrong address,Delivery
Received wrong product,Product
Product quality is bad,Product
My order has not arrived,Delivery
My bill amount is mismatched,Billing
Package was sent to wrong address,Delivery
Need help with I was billed twice,Billing
Delivery is late,Delivery
Please resolve: The product is defective,Product
Support team is not responding,Service
Please resolve: App crashes during payment,Technical
Product quality is bad,Product
Why is this happening: I was debited twice,Billing
Support team is not responding,Service
Please resolve: App crashes during payment,Technical
Delivery is slow please fix this,Delivery
Customer service is unprofessional,Service
I was billed twice,Billing
Received wrong product please fix this,Product
There is extra charge on my invoice,Billing
Call center not answering please fix this,Service
Why is this happening: Payment failed but money deducted,Billing
Need help with Support team is not responding,Service
Payment failed but money deducted,Billing
Support team is not responding,Service
Received wrong product,Product
There is a problem with Received wrong product,Product
System problem while logging in,Technical
Facing issue because System issue while logging in,Technical
Item is not included in package,Product
Refund not processed,Billing
Customer service is unprofessional please fix this,Service
My order has not arrived,Delivery
Need help with My bill amount is wrong,Billing
There is extra charge on my invoice,Billing
Please resolve: Product quality is bad,Product
Support team is not responding,Service
System issue while logging in,Technical
Refund not processed,Billing
System problem while logging in,Technical
Facing issue because Call center not answering,Service
Facing issue because Payment failed but money deducted,Billing
Why is this happening: Call center not answering,Service
Call center not answering,Service
Please resolve: Item is not included in package,Product
There is a problem with Customer service is unprofessional,Service
Order tracking not working,Delivery
Order tracking not working,Delivery
Please resolve: App crashes during payment,Technical
Please resolve: Package was sent to wrong address,Delivery
Received wrong product,Product
Why is this happening: The product is broken,Product
Please resolve: Item is not included in package,Product
I am facing an issue: Customer service is unprofessional,Service
Refund not processed please fix this,Billing
Product quality is bad,Product
Need help with I was billed twice,Billing
I am facing an issue: Support team is not responding,Service
Support team is not responding,Service
Facing issue because Package was sent to wrong address,Delivery
Customer service is unprofessional,Service
Why is this happening: Refund not processed,Billing
System problem while logging in please fix this,Technical
Call center not answering,Service
There is a problem with I was billed twice,Billing
There is a problem with My bill amount is mismatched,Billing
App crashes during payment,Technical
Order tracking not working,Delivery
Facing issue because System issue while logging in,Technical
There is extra charge on my invoice,Billing
I am facing an issue: App crashes during payment,Technical
My order has not arrived,Delivery
Need help with Payment failed but money deducted,Billing
My order has not arrived,Delivery
I am facing an issue: I was deducted twice,Billing
Please resolve: I was deducted twice,Billing
The product is broken,Product
Facing issue because App crashes during payment,Technical
Facing issue because Item is not included in package,Product
Support team is not responding,Service
There is a problem with Delivery is slow,Delivery
Call center not answering,Service
There is a problem with I was debited twice,Billing
Product quality is bad,Product
Facing issue because The product is broken,Product
Support team is not responding,Service
Why is this happening: Item is not included in package,Product
There is extra charge on my invoice,Billing
Why is this happening: The product is defective,Product
Need help with Support team is not responding,Service
There is extra charge on my invoice,Billing
Facing issue because My order has not arrived,Delivery
Call center not answering,Service
Need help with Product quality is bad,Product
Package was sent to wrong address,Delivery
Why is this happening: Item is not included in package,Product
Package was sent to wrong address please fix this,Delivery
Order tracking not working,Delivery
Facing issue because Item is not included in package,Product
Item is not included in package please fix this,Product
Product quality is bad,Product
Why is this happening: There is extra charge on my invoice,Billing
I am facing an issue: Call center not answering,Service
Need help with Refund not processed,Billing
Payment failed but money deducted,Billing
Product quality is bad please fix this,Product
Package was sent to wrong address,Delivery
Customer service is unprofessional,Service
Why is this happening: There is extra charge on my invoice,Billing
The product is broken,Product
Need help with I was deducted twice,Billing
Why is this happening: Package was sent to wrong address,Delivery
Why is this happening: Unable to access dashboard,Technical
I am facing an issue: Call center not answering,Service
There is a problem with Item is not included in package,Product
Call center not answering,Service
There is extra charge on my invoice,Billing
System issue while logging in,Technical
Please resolve: I was billed twice,Billing
Payment failed but money deducted,Billing
Order tracking not working,Delivery
Need help with Refund not processed,Billing
Facing issue because My order has not arrived,Delivery
Support team is not responding,Service
I am facing an issue: My bill amount is mismatched,Billing
Why is this happening: I was billed twice,Billing
System issue while logging in,Technical
Need help with Order tracking not working,Delivery
Payment failed but money deducted,Billing
The product is broken,Product
Item is lost in package,Product
The product is broken,Product
Received wrong product,Product
Please resolve: Payment failed but money deducted,Billing
Unable to access dashboard,Technical
The product is defective please fix this,Product
Product quality is bad,Product
There is a problem with The product is broken,Product
I am facing an issue: I was debited twice,Billing
Please resolve: There is extra charge on my invoice,Billing
The product is broken,Product
I am facing an issue: My bill amount is mismatched,Billing
My order has not arrived,Delivery
Package was sent to wrong address,Delivery
I was debited twice,Billing
The product is broken,Product
Need help with Order tracking not working,Delivery
Received wrong product,Product
Received wrong product,Product
I am facing an issue: My bill amount is not correct,Billing
Product quality is bad please fix this,Product
Why is this happening: There is extra charge on my invoice,Billing
I am facing an issue: Order tracking not working,Delivery
Order tracking not working,Delivery
Delivery is slow,Delivery
My bill amount is mismatched,Billing
Item is lost in package,Product
Please resolve: Product quality is bad,Product
Why is this happening: Customer service is unprofessional,Service
Facing issue because Customer service is impolite,Service
Order tracking not working,Delivery
Please resolve: The product is defective,Product
Order tracking not working,Delivery
The product is defective,Product
The product is broken,Product
Need help with Payment failed but money deducted,Billing
Need help with Item is lost in package,Product
App crashes during payment please fix this,Technical
Need help with Delivery is late,Delivery
Facing issue because Item is not included in package,Product
Facing issue because Customer service is impolite,Service
Support team is not responding,Service
I was debited twice,Billing
App crashes during payment,Technical
Received wrong product please fix this,Product
Unable to access dashboard,Technical
I am facing an issue: My order has not arrived,Delivery
Delivery is late,Delivery
Received wrong product,Product
Customer service is unprofessional,Service
Item is not included in package,Product
I am facing an issue: Product quality is bad,Product
Need help with Refund not processed,Billing
My bill amount is mismatched,Billing
Payment failed but money deducted,Billing
Facing issue because Received wrong product,Product
Support team is not responding,Service
Call center not answering,Service
Package was sent to wrong address,Delivery
Payment failed but money deducted,Billing
System issue while logging in,Technical
The product is broken,Product
Please resolve: My bill amount is not correct,Billing
Unable to access dashboard,Technical
There is a problem with Package was sent to wrong address,Delivery
Need help with Customer service is impolite,Service
Delivery is slow,Delivery
Unable to access dashboard,Technical
Refund not processed,Billing
There is a problem with Order tracking not working,Delivery
Why is this happening: There is extra charge on my invoice,Billing
The product is defective please fix this,Product
There is a problem with I was deducted twice,Billing
Delivery is slow,Delivery
Payment failed but money deducted,Billing
Need help with Product quality is bad,Product
Delivery is slow,Delivery
Why is this happening: The product is defective,Product
Package was sent to wrong address,Delivery
Facing issue because The product is broken,Product
Need help with Refund not processed,Billing
Product quality is bad,Product
Received wrong product,Product
Received wrong product,Product
Delivery is late,Delivery
Facing issue because Received wrong product,Product
I am facing an issue: Item is not included in package,Product
Support team is not responding please fix this,Service
Received wrong product,Product
Support team is not responding please fix this,Service
Why is this happening: Unable to access dashboard,Technical
Support team is not responding,Service
There is a problem with Unable to access dashboard,Technical
App crashes during payment,Technical
Received wrong product please fix this,Product
Delivery is slow,Delivery
My bill amount is wrong,Billing
I am facing an issue: I was debited twice,Billing
I am facing an issue: System issue while logging in,Technical
Need help with Customer service is unprofessional,Service
Why is this happening: Product quality is bad,Product
My bill amount is mismatched,Billing
There is a problem with App crashes during payment,Technical
I am facing an issue: The product is broken,Product
I was deducted twice please fix this,Billing
Please resolve: I was debited twice,Billing
The product is defective please fix this,Product
Refund not processed please fix this,Billing
There is a problem with Call center not answering,Service
App crashes during payment,Technical
Received wrong product,Product
My bill amount is wrong,Billing
Product quality is bad,Product
Please resolve: Order tracking not working,Delivery
Product quality is bad,Product
Product quality is bad,Product
Order tracking not working,Delivery
Please resolve: Received wrong product,Product
System problem while logging in please fix this,Technical
Unable to access dashboard,Technical
Customer service is unprofessional,Service
System problem while logging in,Technical
There is a problem with There is extra charge on my invoice,Billing
Order tracking not working please fix this,Delivery
Why is this happening: Unable to access dashboard,Technical
Item is lost in package,Product
Need help with Customer service is unprofessional,Service
Delivery is late,Delivery
Need help with The product is broken,Product
I am facing an issue: Refund not processed,Billing
There is a problem with I was deducted twice,Billing
Call center not answering,Service
Support team is not responding,Service
System issue while logging in,Technical
My order has not arrived,Delivery
Order tracking not working,Delivery
Need help with My order has not arrived,Delivery
Order tracking not working,Delivery
Unable to access dashboard,Technical
Received wrong product,Product
Delivery is slow,Delivery
I am facing an issue: Refund not processed,Billing
There is a problem with Product quality is bad,Product
Need help with My bill amount is not correct,Billing
I am facing an issue: I was billed twice,Billing
System problem while logging in,Technical
I am facing an issue: Customer service is unprofessional,Service
Facing issue because Payment failed but money deducted,Billing
Why is this happening: I was billed twice,Billing
Call center not answering,Service
Refund not processed,Billing
I am facing an issue: The product is defective,Product
Why is this happening: I was deducted twice,Billing
Order tracking not working,Delivery
Please resolve: Order tracking not working,Delivery
I am facing an issue: The product is defective,Product
Need help with Customer service is impolite,Service
Refund not processed,Billing
There is extra charge on my invoice,Billing
My order has not arrived,Delivery
Product quality is bad,Product
Unable to access dashboard,Technical
System problem while logging in,Technical
Unable to access dashboard,Technical
Unable to access dashboard,Technical
Refund not processed,Billing
Facing issue because Payment failed but money deducted,Billing
The product is broken please fix this,Product
Need help with My bill amount is mismatched,Billing
System problem while logging in,Technical
I am facing an issue: Call center not answering,Service
The product is defective,Product
My order has not arrived,Delivery
Payment failed but money deducted,Billing
Facing issue because Received wrong product,Product
Why is this happening: Call center not answering,Service
Facing issue because There is extra charge on my invoice,Billing
Order tracking not working,Delivery
Call center not answering,Service
App crashes during payment,Technical
Received wrong product,Product
Delivery is late,Delivery
System problem while logging in,Technical
Item is not included in package,Product
There is a problem with Delivery is late,Delivery
I am facing an issue: Refund not processed,Billing
My order has not arrived,Delivery
Package was sent to wrong address,Delivery
Facing issue because Customer service is unprofessional,Service
App crashes during payment,Technical
Please resolve: Unable to access dashboard,Technical
Please resolve: Unable to access dashboard,Technical
I am facing an issue: I was debited twice,Billing
Item is lost in package,Product
Order tracking not working please fix this,Delivery
Call center not answering,Service
Need help with Package was sent to wrong address,Delivery
Need help with Item is not included in package,Product
Item is not included in package,Product
Why is this happening: My order has not arrived,Delivery
I am facing an issue: I was deducted twice,Billing
I am facing an issue: I was billed twice,Billing
There is extra charge on my invoice,Billing
There is extra charge on my invoice,Billing
There is a problem with My order has not arrived,Delivery
Call center not answering,Service
Why is this happening: Received wrong product,Product
There is a problem with Unable to access dashboard,Technical
There is extra charge on my invoice please fix this,Billing
Product quality is bad,Product
System problem while logging in,Technical
Product quality is bad,Product
I am facing an issue: I was deducted twice,Billing
Customer service is unprofessional,Service
Package was sent to wrong address please fix this,Delivery
Package was sent to wrong address,Delivery
My order has not arrived please fix this,Delivery
Please resolve: Customer service is impolite,Service
App crashes during payment please fix this,Technical
Refund not processed,Billing
Please resolve: I was deducted twice,Billing
Item is not included in package,Product
Product quality is bad,Product
Customer service is unprofessional,Service
Please resolve: Unable to access dashboard,Technical
Call center not answering,Service
Support team is not responding,Service
I am facing an issue: Product quality is bad,Product
Product quality is bad,Product
Facing issue because There is extra charge on my invoice,Billing
System issue while logging in,Technical
Package was sent to wrong address,Delivery
App crashes during payment,Technical
I was debited twice,Billing
There is a problem with System issue while logging in,Technical
Unable to access dashboard,Technical
App crashes during payment,Technical
Package was sent to wrong address,Delivery
Order tracking not working,Delivery
Facing issue because Order tracking not working,Delivery
Facing issue because Product quality is bad,Product
My order has not arrived,Delivery
Package was sent to wrong address please fix this,Delivery
Please resolve: App crashes during payment,Technical
Facing issue because Refund not processed,Billing
Call center not answering,Service
Customer service is unprofessional,Service
I am facing an issue: Order tracking not working,Delivery
Why is this happening: Customer service is impolite,Service
There is a problem with Product quality is bad,Product
The product is broken please fix this,Product
Need help with There is extra charge on my invoice,Billing
The product is defective please fix this,Product
I was billed twice,Billing
System problem while logging in,Technical
Facing issue because System problem while logging in,Technical
Call center not answering please fix this,Service
My order has not arrived,Delivery
Need help with The product is broken,Product
Item is lost in package,Product
I was deducted twice,Billing
Received wrong product,Product
Please resolve: Delivery is late,Delivery
Unable to access dashboard,Technical
Please resolve: Payment failed but money deducted,Billing
There is a problem with I was debited twice,Billing
Refund not processed,Billing
Why is this happening: Product quality is bad,Product
I am facing an issue: Support team is not responding,Service
My order has not arrived,Delivery
Need help with My bill amount is wrong,Billing
There is a problem with Support team is not responding,Service
Facing issue because Payment failed but money deducted,Billing
Facing issue because Support team is not responding,Service
Facing issue because I was billed twice,Billing
Received wrong product,Product
Facing issue because My order has not arrived,Delivery
System problem while logging in,Technical
My bill amount is not correct,Billing
App crashes during payment,Technical
The product is defective,Product
My order has not arrived please fix this,Delivery
I am facing an issue: System issue while logging in,Technical
Please resolve: System problem while logging in,Technical
Facing issue because My order has not arrived,Delivery
System issue while logging in,Technical
I am facing an issue: I was debited twice,Billing
There is extra charge on my invoice,Billing
I am facing an issue: There is extra charge on my invoice,Billing
Received wrong product please fix this,Product
Payment failed but money deducted,Billing
Facing issue because System issue while logging in,Technical
App crashes during payment,Technical
Why is this happening: App crashes during payment,Technical
Order tracking not working,Delivery
Refund not processed please fix this,Billing
Please resolve: Customer service is unprofessional,Service
Received wrong product,Product
I am facing an issue: Package was sent to wrong address,Delivery
Need help with Refund not processed,Billing
Need help with App crashes during payment,Technical
There is extra charge on my invoice,Billing
Order tracking not working,Delivery
Support team is not responding,Service
Payment failed but money deducted,Billing
Facing issue because Refund not processed,Billing
Package was sent to wrong address,Delivery
There is a problem with Refund not processed,Billing
Item is not included in package,Product
Call center not answering,Service
Received wrong product please fix this,Product
Received wrong product,Product
Facing issue because The product is defective,Product
Please resolve: My order has not arrived,Delivery
Why is this happening: My order has not arrived,Delivery
Delivery is late,Delivery
Item is not included in package,Product
Order tracking not working,Delivery
Delivery is late please fix this,Delivery
Please resolve: System problem while logging in,Technical
I was billed twice,Billing
System issue while logging in,Technical
Order tracking not working,Delivery
Please resolve: Refund not processed,Billing
Order tracking not working,Delivery
Unable to access dashboard,Technical
I am facing an issue: Payment failed but money deducted,Billing
Received wrong product,Product
Product quality is bad,Product
I am facing an issue: There is extra charge on my invoice,Billing
Product quality is bad,Product
There is a problem with Support team is not responding,Service
Please resolve: The product is broken,Product
Customer service is impolite,Service
My order has not arrived please fix this,Delivery
Refund not processed,Billing
Received wrong product,Product
The product is defective,Product
I was billed twice,Billing
System issue while logging in,Technical
I am facing an issue: There is extra charge on my invoice,Billing
System issue while logging in,Technical
The product is defective,Product
Facing issue because Item is not included in package,Product
There is a problem with Refund not processed,Billing
Need help with App crashes during payment,Technical
I am facing an issue: Order tracking not working,Delivery
I am facing an issue: Product quality is bad,Product
Facing issue because Delivery is slow,Delivery
System problem while logging in,Technical
Support team is not responding,Service
Need help with My order has not arrived,Delivery
The product is defective,Product
My bill amount is not correct,Billing
There is a problem with App crashes during payment,Technical
Item is lost in package,Product
Package was sent to wrong address,Delivery
Product quality is bad,Product
Unable to access dashboard please fix this,Technical
Facing issue because The product is broken,Product
My order has not arrived,Delivery
Package was sent to wrong address please fix this,Delivery
I am facing an issue: Order tracking not working,Delivery
Facing issue because Refund not processed,Billing
My order has not arrived please fix this,Delivery
App crashes during payment,Technical
Need help with Received wrong product,Product
Support team is not responding,Service
Please resolve: System issue while logging in,Technical
There is a problem with Support team is not responding,Service
Why is this happening: Call center not answering,Service
Need help with App crashes during payment,Technical
Call center not answering please fix this,Service
There is a problem with Product quality is bad,Product
There is extra charge on my invoice,Billing
Unable to access dashboard,Technical
Support team is not responding,Service
Item is not included in package,Product
Please resolve: My bill amount is not correct,Billing
Why is this happening: Refund not processed,Billing
Why is this happening: App crashes during payment,Technical
App crashes during payment,Technical
Why is this happening: The product is broken,Product
Payment failed but money deducted,Billing
There is extra charge on my invoice please fix this,Billing
Support team is not responding,Service
There is a problem with Call center not answering,Service
App crashes during payment,Technical
Refund not processed,Billing
Product quality is bad,Product
Received wrong product,Product
Package was sent to wrong address,Delivery
Facing issue because The product is broken,Product
Support team is not responding,Service
I am facing an issue: System problem while logging in,Technical
Need help with The product is defective,Product
There is a problem with My bill amount is not correct,Billing
Support team is not responding,Service
There is a problem with Item is lost in package,Product
Package was sent to wrong address,Delivery
Call center not answering,Service
Need help with The product is defective,Product
System issue while logging in please fix this,Technical
Customer service is impolite,Service
App crashes during payment,Technical
Please resolve: App crashes during payment,Technical
Product quality is bad,Product
I was deducted twice,Billing
Product quality is bad,Product
There is a problem with Call center not answering,Service
The product is defective,Product
I was deducted twice,Billing
There is a problem with Unable to access dashboard,Technical
Why is this happening: Received wrong product,Product
Refund not processed,Billing
Support team is not responding,Service
Item is not included in package,Product
Please resolve: System problem while logging in,Technical
Order tracking not working,Delivery
There is extra charge on my invoice,Billing
Why is this happening: Payment failed but money deducted,Billing
There is extra charge on my invoice,Billing
There is a problem with Item is not included in package,Product
I am facing an issue: Product quality is bad,Product
My bill amount is mismatched,Billing
Why is this happening: Refund not processed,Billing
Package was sent to wrong address,Delivery
Need help with Support team is not responding,Service
There is a problem with There is extra charge on my invoice,Billing
I am facing an issue: My order has not arrived,Delivery
Need help with Payment failed but money deducted,Billing
Facing issue because Refund not processed,Billing
There is extra charge on my invoice,Billing
System problem while logging in,Technical
Unable to access dashboard,Technical
Please resolve: My order has not arrived,Delivery
My order has not arrived,Delivery
Customer service is unprofessional,Service
Refund not processed,Billing
Unable to access dashboard,Technical
App crashes during payment,Technical
There is extra charge on my invoice,Billing
There is extra charge on my invoice,Billing
There is a problem with App crashes during payment,Technical
Unable to access dashboard,Technical
There is extra charge on my invoice,Billing
Unable to access dashboard,Technical
There is a problem with Product quality is bad,Product
Payment failed but money deducted,Billing
I was debited twice,Billing
I am facing an issue: My order has not arrived,Delivery
There is extra charge on my invoice,Billing
There is a problem with Payment failed but money deducted,Billing
Facing issue because App crashes during payment,Technical
Package was sent to wrong address,Delivery
I am facing an issue: Received wrong product,Product
Package was sent to wrong address,Delivery
Need help with My order has not arrived,Delivery
The product is broken,Product
Item is not included in package,Product
Order tracking not working please fix this,Delivery
My bill amount is mismatched,Billing
Item is lost in package,Product
The product is defective,Product
Facing issue because Package was sent to wrong address,Delivery
Why is this happening: System problem while logging in,Technical
Why is this happening: Call center not answering,Service
I am facing an issue: App crashes during payment,Technical
I am facing an issue: Unable to access dashboard,Technical
Package was sent to wrong address,Delivery
Need help with Payment failed but money deducted,Billing
Order tracking not working,Delivery
I am facing an issue: Support team is not responding,Service
There is a problem with Product quality is bad,Product
Need help with I was debited twice,Billing
Product quality is bad,Product
Please resolve: App crashes during payment,Technical
My bill amount is wrong,Billing
Payment failed but money deducted,Billing
There is a problem with Payment failed but money deducted,Billing
There is a problem with Delivery is late,Delivery
Refund not processed,Billing
App crashes during payment,Technical
Please resolve: My order has not arrived,Delivery
Facing issue because System problem while logging in,Technical
Why is this happening: Unable to access dashboard,Technical
Delivery is late,Delivery
My bill amount is not correct please fix this,Billing
There is a problem with Delivery is slow,Delivery
I was debited twice,Billing
Support team is not responding,Service
Received wrong product,Product
Why is this happening: Received wrong product,Product
Order tracking not working,Delivery
Unable to access dashboard,Technical
I was billed twice,Billing
My order has not arrived,Delivery
App crashes during payment,Technical
Received wrong product,Product
App crashes during payment,Technical
System issue while logging in,Technical
Delivery is late,Delivery
Support team is not responding,Service
I am facing an issue: System issue while logging in,Technical
Support team is not responding,Service
Delivery is late,Delivery
Need help with Payment failed but money deducted,Billing
Refund not processed please fix this,Billing
Facing issue because Unable to access dashboard,Technical
Need help with My bill amount is mismatched,Billing
There is a problem with The product is broken,Product
I was billed twice,Billing
Support team is not responding,Service
Facing issue because Received wrong product,Product
My order has not arrived,Delivery
App crashes during payment,Technical
System problem while logging in,Technical
Support team is not responding,Service
Unable to access dashboard,Technical
My order has not arrived,Delivery
Customer service is unprofessional,Service
There is a problem with Call center not answering,Service
Need help with Call center not answering,Service
Product quality is bad,Product
App crashes during payment please fix this,Technical
There is a problem with Order tracking not working,Delivery
My order has not arrived,Delivery
My bill amount is not correct,Billing
Refund not processed,Billing
I am facing an issue: Delivery is late,Delivery
Order tracking not working,Delivery
There is a problem with Package was sent to wrong address,Delivery
Need help with Received wrong product,Product
Why is this happening: My bill amount is mismatched,Billing
Please resolve: App crashes during payment,Technical
There is a problem with Unable to access dashboard,Technical
Product quality is bad,Product
There is a problem with My bill amount is not correct,Billing
Unable to access dashboard,Technical
Received wrong product,Product
Why is this happening: I was debited twice,Billing
Payment failed but money deducted,Billing
Why is this happening: App crashes during payment,Technical
Delivery is late,Delivery
There is a problem with App crashes during payment,Technical
Need help with My bill amount is wrong,Billing
Why is this happening: The product is broken,Product
My bill amount is wrong,Billing
Please resolve: Received wrong product,Product
Product quality is bad,Product
I am facing an issue: Item is lost in package,Product
Call center not answering,Service
Order tracking not working,Delivery
Received wrong product,Product
There is a problem with The product is defective,Product
Facing issue because Product quality is bad,Product
The product is defective,Product
Please resolve: Delivery is slow,Delivery
Payment failed but money deducted,Billing
Why is this happening: My bill amount is mismatched,Billing
I am facing an issue: Delivery is late,Delivery
Item is not included in package,Product
Call center not answering,Service
Delivery is late,Delivery
Customer service is impolite,Service
The product is defective,Product
Facing issue because Unable to access dashboard,Technical
Facing issue because Delivery is late,Delivery
Why is this happening: App crashes during payment,Technical
System problem while logging in,Technical
There is a problem with App crashes during payment,Technical
Unable to access dashboard,Technical
I am facing an issue: I was billed twice,Billing
Facing issue because Call center not answering,Service
Received wrong product,Product
I am facing an issue: Support team is not responding,Service
Received wrong product,Product
My order has not arrived,Delivery
Why is this happening: Refund not processed,Billing
My order has not arrived,Delivery
System issue while logging in,Technical
Why is this happening: Received wrong product,Product
There is a problem with Support team is not responding,Service
My bill amount is wrong,Billing
Facing issue because Customer service is impolite,Service
The product is broken,Product
Product quality is bad,Product
There is a problem with Support team is not responding,Service
Payment failed but money deducted,Billing
The product is defective,Product
Please resolve: I was debited twice,Billing
Why is this happening: I was debited twice,Billing
Customer service is impolite,Service
There is a problem with There is extra charge on my invoice,Billing
There is a problem with Delivery is slow,Delivery
Call center not answering,Service
I am facing an issue: Product quality is bad,Product
Unable to access dashboard,Technical
Package was sent to wrong address,Delivery
The product is defective,Product
Need help with Call center not answering,Service
Please resolve: System issue while logging in,Technical
Customer service is unprofessional,Service
Call center not answering,Service
I was debited twice,Billing
Please resolve: Product quality is bad,Product
Item is lost in package please fix this,Product
Please resolve: Customer service is unprofessional,Service
I am facing an issue: Customer service is impolite,Service
Call center not answering,Service
I am facing an issue: Payment failed but money deducted,Billing
There is extra charge on my invoice please fix this,Billing
Please resolve: Support team is not responding,Service
I am facing an issue: App crashes during payment,Technical
Please resolve: Received wrong product,Product
Please resolve: Received wrong product,Product
Need help with Customer service is unprofessional,Service
I am facing an issue: There is extra charge on my invoice,Billing
Support team is not responding,Service
My order has not arrived,Delivery
Facing issue because My bill amount is wrong,Billing
App crashes during payment please fix this,Technical
Why is this happening: The product is defective,Product
Package was sent to wrong address please fix this,Delivery
Facing issue because Support team is not responding,Service
I am facing an issue: Order tracking not working,Delivery
Facing issue because Payment failed but money deducted,Billing
My bill amount is mismatched,Billing
Need help with Unable to access dashboard,Technical
Product quality is bad,Product
My bill amount is not correct,Billing
There is a problem with Customer service is unprofessional,Service
Item is not included in package,Product
Customer service is impolite,Service
Unable to access dashboard please fix this,Technical
Order tracking not working,Delivery
I was debited twice,Billing
Need help with Delivery is slow,Delivery
Please resolve: I was billed twice,Billing
I am facing an issue: System issue while logging in,Technical
Delivery is slow,Delivery
There is a problem with Delivery is slow,Delivery
There is a problem with There is extra charge on my invoice,Billing
I am facing an issue: I was debited twice,Billing
Facing issue because My bill amount is not correct,Billing
Delivery is slow,Delivery
My bill amount is wrong please fix this,Billing
Why is this happening: Received wrong product,Product
Customer service is unprofessional,Service
I am facing an issue: Package was sent to wrong address,Delivery
There is extra charge on my invoice,Billing
Package was sent to wrong address,Delivery
Please resolve: Item is not included in package,Product
I am facing an issue: System problem while logging in,Technical
Product quality is bad,Product
Why is this happening: Unable to access dashboard,Technical
I am facing an issue: Unable to access dashboard,Technical
The product is broken please fix this,Product
Call center not answering please fix this,Service
Call center not answering,Service
Package was sent to wrong address,Delivery
System problem while logging in,Technical
There is extra charge on my invoice,Billing
Please resolve: Order tracking not working,Delivery
Order tracking not working,Delivery
The product is broken,Product
The product is defective,Product
Need help with There is extra charge on my invoice,Billing
I was debited twice,Billing
Payment failed but money deducted,Billing
App crashes during payment please fix this,Technical
Facing issue because My bill amount is mismatched,Billing
My order has not arrived,Delivery
Facing issue because The product is defective,Product
I was debited twice please fix this,Billing
Product quality is bad,Product
Package was sent to wrong address,Delivery
Why is this happening: Delivery is late,Delivery
Facing issue because My bill amount is mismatched,Billing
My bill amount is wrong,Billing
Unable to access dashboard,Technical
My bill amount is wrong,Billing
Payment failed but money deducted please fix this,Billing
Please resolve: Package was sent to wrong address,Delivery
Please resolve: There is extra charge on my invoice,Billing
There is a problem with Received wrong product,Product
Package was sent to wrong address please fix this,Delivery
I am facing an issue: Customer service is unprofessional,Service
There is extra charge on my invoice,Billing
Call center not answering,Service
Please resolve: System problem while logging in,Technical
There is a problem with Package was sent to wrong address,Delivery
Please resolve: My bill amount is mismatched,Billing
Need help with Refund not processed,Billing
Payment failed but money deducted,Billing
There is a problem with Support team is not responding,Service
Product quality is bad,Product
Unable to access dashboard,Technical
There is a problem with I was debited twice,Billing
Unable to access dashboard,Technical
Facing issue because Support team is not responding,Service
My order has not arrived,Delivery
Item is not included in package,Product
System issue while logging in,Technical
Facing issue because There is extra charge on my invoice,Billing
Please resolve: Item is lost in package,Product
My order has not arrived please fix this,Delivery
Payment failed but money deducted,Billing
My bill amount is mismatched,Billing
Call center not answering please fix this,Service
There is a problem with Support team is not responding,Service
Please resolve: Product quality is bad,Product
Need help with Product quality is bad,Product
Please resolve: The product is defective,Product
Why is this happening: Customer service is impolite,Service
Payment failed but money deducted please fix this,Billing
Please resolve: App crashes during payment,Technical
There is a problem with Payment failed but money deducted,Billing
System issue while logging in,Technical
System issue while logging in,Technical
Facing issue because Call center not answering,Service
Product quality is bad,Product
Item is not included in package,Product
There is a problem with Item is lost in package,Product
Facing issue because System issue while logging in,Technical
System issue while logging in,Technical
I am facing an issue: Call center not answering,Service
There is a problem with Order tracking not working,Delivery
